               epoch,      train/box_loss,      train/obj_loss,      train/cls_loss,   metrics/precision,      metrics/recall,     metrics/mAP_0.5,metrics/mAP_0.5:0.95,        val/box_loss,        val/obj_loss,        val/cls_loss,               x/lr0,               x/lr1,               x/lr2
                   0,             0.12176,             0.03395,            0.055999,          0.00030053,             0.02963,           0.0001983,          9.8747e-05,             0.12293,            0.026419,            0.052153,              0.0955,              0.0005,              0.0005
                   1,             0.10953,            0.031476,            0.055029,          0.00053433,            0.074074,          0.00050243,          0.00015405,             0.10472,             0.02283,             0.05117,            0.090096,           0.0010964,           0.0010964
                   2,            0.088147,            0.029994,            0.053056,           0.0023311,             0.47824,           0.0050836,           0.0017809,            0.083825,            0.020579,            0.048456,            0.084689,           0.0016888,           0.0016888
                   3,            0.080645,            0.029918,            0.050765,           0.0031441,               0.675,            0.017519,           0.0031587,            0.075028,            0.017948,            0.045376,            0.079277,           0.0022772,           0.0022772
                   4,            0.070101,            0.029773,            0.049034,           0.0036435,             0.74907,            0.099626,            0.026723,            0.068357,            0.015881,            0.039066,            0.073862,           0.0028617,           0.0028617
                   5,             0.06601,            0.028088,            0.046448,           0.0045499,             0.71944,            0.093663,              0.0302,            0.069539,            0.014378,            0.037023,            0.068442,           0.0034422,           0.0034422
                   6,            0.058154,            0.025849,             0.04301,            0.064061,             0.47135,            0.094843,             0.02772,            0.069993,            0.015131,            0.037614,            0.063019,           0.0040188,           0.0040188
                   7,            0.062743,            0.028013,            0.040453,               0.365,            0.041803,            0.061421,            0.018335,            0.067794,            0.015294,            0.030617,            0.057591,           0.0045914,           0.0045914
                   8,            0.058909,            0.026845,            0.039316,             0.27979,              0.1052,            0.094212,            0.028979,            0.067674,            0.015003,            0.027871,             0.05216,           0.0051601,           0.0051601
                   9,            0.060131,            0.024463,            0.034378,              0.5655,             0.37634,             0.31733,             0.12688,            0.063017,            0.013035,            0.023004,            0.046725,           0.0057248,           0.0057248
                  10,            0.058621,            0.025019,            0.033547,              0.5135,             0.32841,             0.31248,             0.13899,            0.069418,            0.012508,            0.021618,            0.041285,           0.0062855,           0.0062855
                  11,            0.059565,            0.023136,             0.03012,             0.47733,             0.35926,              0.2021,            0.073138,            0.063748,              0.0114,              0.0198,            0.035842,           0.0068423,           0.0068423
                  12,            0.054755,            0.022293,            0.029869,             0.16399,             0.31111,             0.20953,            0.075866,            0.061011,             0.01315,            0.018423,            0.030395,           0.0073951,           0.0073951
                  13,            0.058365,            0.021935,            0.027987,             0.54446,             0.28889,             0.21634,            0.074352,            0.064383,            0.012378,            0.021605,            0.024944,           0.0079439,           0.0079439
                  14,             0.05456,            0.022375,            0.026959,             0.76463,             0.14444,             0.13558,            0.054241,            0.078663,              0.0125,            0.020673,            0.019489,           0.0084888,           0.0084888
                  15,             0.05807,            0.022346,            0.025228,             0.53944,             0.34029,             0.28501,             0.11653,            0.062722,            0.011548,            0.018595,             0.01403,           0.0090297,           0.0090297
                  16,            0.054187,            0.022588,            0.025495,             0.88636,            0.033333,            0.032027,           0.0098613,             0.06561,            0.013021,            0.040767,            0.009472,            0.009472,            0.009472
                  17,            0.054585,            0.021059,            0.025222,             0.23522,             0.21713,             0.18197,            0.080117,            0.058992,            0.013231,            0.033906,            0.009472,            0.009472,            0.009472
                  18,            0.053762,            0.021013,            0.025289,             0.34439,              0.4412,             0.33822,             0.11701,            0.066161,            0.011906,            0.022411,            0.009439,            0.009439,            0.009439
                  19,            0.053457,            0.022219,            0.019547,             0.34887,             0.24666,             0.22465,            0.090584,            0.062678,            0.016397,            0.021284,            0.009406,            0.009406,            0.009406
                  20,            0.054199,            0.022427,            0.020604,              0.1474,             0.26898,             0.14527,            0.040978,            0.067163,            0.019176,            0.023911,            0.009373,            0.009373,            0.009373
                  21,            0.052044,            0.021316,            0.017919,             0.38376,             0.26786,             0.26407,             0.12185,            0.063813,               0.014,            0.017988,             0.00934,             0.00934,             0.00934
                  22,            0.052654,            0.021154,            0.020202,             0.41584,             0.36871,             0.29121,             0.10176,            0.063129,            0.015225,            0.018884,            0.009307,            0.009307,            0.009307
                  23,            0.053242,             0.02247,            0.022448,             0.59648,             0.26274,             0.27865,             0.11887,            0.063875,            0.012627,            0.014365,            0.009274,            0.009274,            0.009274
                  24,            0.053517,            0.021555,            0.020113,              0.1389,             0.19194,             0.13459,            0.040024,            0.068066,            0.012875,            0.025518,            0.009241,            0.009241,            0.009241
                  25,            0.050006,            0.020954,              0.0191,             0.73597,             0.12778,            0.097657,            0.032531,            0.063906,            0.027773,            0.049669,            0.009208,            0.009208,            0.009208
                  26,            0.053154,            0.020541,            0.019477,             0.35092,             0.26574,             0.18727,            0.059346,            0.068863,            0.017473,            0.027938,            0.009175,            0.009175,            0.009175
                  27,            0.050673,            0.023155,            0.019516,             0.44978,             0.14691,             0.11166,            0.031426,            0.069987,            0.015974,            0.018857,            0.009142,            0.009142,            0.009142
                  28,             0.05136,            0.022012,            0.021518,              0.3712,             0.20296,             0.13897,            0.041973,            0.067222,            0.013393,            0.016711,            0.009109,            0.009109,            0.009109
                  29,            0.051137,             0.02213,              0.0185,             0.27878,             0.19768,             0.14951,            0.050778,            0.070201,            0.012643,            0.019725,            0.009076,            0.009076,            0.009076
                  30,            0.050018,            0.020642,            0.018549,             0.22215,             0.21924,             0.17309,            0.072791,            0.060889,            0.013995,            0.032211,            0.009043,            0.009043,            0.009043
                  31,            0.052147,            0.020181,            0.017382,             0.48229,             0.40321,             0.28719,             0.10953,            0.062566,            0.012972,            0.020296,             0.00901,             0.00901,             0.00901
                  32,            0.051729,            0.020694,             0.01622,             0.53687,             0.24759,             0.21405,             0.10615,            0.065582,            0.013337,             0.02152,            0.008977,            0.008977,            0.008977
                  33,            0.051495,            0.021547,            0.017377,             0.55532,             0.37956,             0.39926,             0.13461,            0.060447,            0.012218,            0.012786,            0.008944,            0.008944,            0.008944
                  34,            0.048837,            0.021144,            0.015422,             0.39934,             0.24028,              0.2311,            0.092336,            0.056979,            0.014642,            0.021536,            0.008911,            0.008911,            0.008911
                  35,            0.049234,            0.020078,             0.01657,             0.59589,             0.18352,             0.16799,            0.061056,             0.06542,            0.012498,            0.027161,            0.008878,            0.008878,            0.008878
                  36,            0.047889,            0.021259,             0.01793,             0.78834,             0.24666,             0.29318,             0.11751,            0.068691,            0.013177,            0.035186,            0.008845,            0.008845,            0.008845
                  37,            0.047209,            0.022045,            0.016884,             0.51544,             0.36713,             0.29553,             0.12457,            0.060876,            0.013014,            0.028361,            0.008812,            0.008812,            0.008812
                  38,            0.048393,             0.02161,             0.01433,             0.65413,             0.36142,             0.43528,              0.1694,            0.059986,             0.01219,            0.011373,            0.008779,            0.008779,            0.008779
                  39,            0.047033,            0.020704,            0.015758,             0.59671,             0.31659,             0.31939,             0.13015,            0.057284,             0.01435,            0.018899,            0.008746,            0.008746,            0.008746
                  40,            0.049147,            0.021511,            0.016382,              0.5196,             0.36897,             0.31023,             0.12578,            0.058923,             0.01243,            0.017902,            0.008713,            0.008713,            0.008713
                  41,            0.047754,            0.019907,            0.013524,             0.35733,             0.36641,             0.26757,             0.11457,            0.056815,            0.013177,            0.011197,             0.00868,             0.00868,             0.00868
                  42,            0.045786,            0.020078,            0.015235,             0.40662,             0.35784,             0.31531,             0.13433,            0.058854,            0.013725,            0.019872,            0.008647,            0.008647,            0.008647
                  43,            0.046423,            0.021543,            0.013771,             0.41828,             0.44108,             0.42236,             0.17475,            0.054688,            0.013431,            0.014687,            0.008614,            0.008614,            0.008614
                  44,            0.045943,            0.021792,            0.014642,              0.3608,             0.40619,             0.27299,            0.097649,            0.057287,            0.015555,            0.011302,            0.008581,            0.008581,            0.008581
                  45,            0.046388,            0.020963,            0.015047,             0.29353,             0.38843,             0.30092,             0.10883,            0.057738,            0.014238,            0.019157,            0.008548,            0.008548,            0.008548
                  46,             0.04328,            0.020594,            0.014496,             0.39884,              0.3463,             0.27543,            0.089774,            0.054607,            0.013846,            0.016108,            0.008515,            0.008515,            0.008515
                  47,            0.045193,            0.020698,            0.012451,             0.44897,             0.32176,             0.32464,             0.13269,            0.052666,            0.014277,            0.012301,            0.008482,            0.008482,            0.008482
                  48,            0.043867,            0.020337,            0.011559,             0.34628,             0.35149,             0.31687,              0.1182,            0.057047,             0.01287,            0.025944,            0.008449,            0.008449,            0.008449
                  49,            0.042904,            0.019345,            0.013722,             0.53888,             0.34749,             0.32215,             0.12204,            0.054481,            0.013462,            0.028603,            0.008416,            0.008416,            0.008416
                  50,            0.046021,            0.020358,            0.014641,             0.40201,             0.41291,             0.39234,              0.1598,            0.055107,            0.013825,             0.04012,            0.008383,            0.008383,            0.008383
                  51,            0.045134,            0.019431,            0.011471,             0.55359,             0.32639,             0.39131,             0.16357,            0.057279,             0.01172,            0.021067,             0.00835,             0.00835,             0.00835
                  52,            0.043244,            0.019804,            0.014451,             0.50282,             0.42269,             0.49869,             0.21871,            0.057127,            0.010942,             0.01684,            0.008317,            0.008317,            0.008317
                  53,            0.045649,            0.020796,            0.011884,              0.3473,             0.36163,             0.34226,             0.13191,            0.055249,            0.010975,             0.01692,            0.008284,            0.008284,            0.008284
                  54,            0.045742,            0.020134,            0.011028,              0.4543,             0.31521,             0.33361,             0.15226,            0.051126,            0.012084,            0.014899,            0.008251,            0.008251,            0.008251
                  55,            0.043274,            0.020095,            0.012754,             0.52151,             0.46895,             0.43894,             0.18353,            0.052212,            0.011337,            0.012146,            0.008218,            0.008218,            0.008218
                  56,            0.043825,            0.019973,            0.011048,             0.58341,             0.48625,             0.49988,              0.1952,            0.059207,            0.010497,            0.010913,            0.008185,            0.008185,            0.008185
                  57,            0.042617,            0.020432,            0.017143,             0.44725,             0.39751,             0.37251,             0.12524,            0.055018,            0.010798,            0.012786,            0.008152,            0.008152,            0.008152
                  58,            0.041854,            0.019475,            0.012294,             0.49818,             0.55734,             0.48796,             0.21586,            0.056251,            0.011343,            0.011154,            0.008119,            0.008119,            0.008119
                  59,            0.042908,            0.020132,            0.012026,             0.72327,             0.39073,             0.50511,             0.23185,            0.049313,            0.010835,            0.012638,            0.008086,            0.008086,            0.008086
                  60,            0.042506,            0.019719,            0.011234,             0.67729,             0.47591,             0.56515,             0.21003,            0.064189,            0.010949,            0.015748,            0.008053,            0.008053,            0.008053
                  61,            0.044054,            0.019418,            0.013216,             0.65615,             0.44407,             0.48715,             0.22393,            0.054178,            0.011086,            0.012359,             0.00802,             0.00802,             0.00802
                  62,            0.040676,            0.019875,            0.012168,             0.51116,             0.32715,             0.33265,             0.12483,            0.055633,            0.011643,            0.017644,            0.007987,            0.007987,            0.007987
                  63,            0.043329,            0.021087,            0.011389,             0.45607,             0.24566,             0.28824,            0.094315,            0.053025,            0.011741,            0.021451,            0.007954,            0.007954,            0.007954
                  64,            0.044834,            0.020753,            0.011587,              0.5168,             0.18611,                0.15,            0.055654,            0.058249,            0.012575,            0.034712,            0.007921,            0.007921,            0.007921
                  65,            0.039892,            0.020077,            0.012675,             0.27391,             0.33918,             0.28156,             0.11724,            0.052741,             0.01273,             0.03268,            0.007888,            0.007888,            0.007888
                  66,            0.043368,            0.019041,           0.0092383,             0.49955,              0.3844,             0.36337,             0.11923,            0.054042,            0.012005,            0.023185,            0.007855,            0.007855,            0.007855
                  67,            0.040431,            0.019904,             0.01199,             0.47706,             0.33436,             0.30329,             0.12928,             0.06321,            0.011435,            0.033067,            0.007822,            0.007822,            0.007822
                  68,            0.040948,            0.019832,            0.012792,             0.80283,             0.47609,             0.55702,             0.22031,            0.049711,            0.011924,            0.012681,            0.007789,            0.007789,            0.007789
                  69,             0.04089,            0.019238,            0.011106,             0.50224,               0.499,             0.55145,             0.22026,            0.045746,            0.011544,            0.010283,            0.007756,            0.007756,            0.007756
                  70,            0.040256,            0.019037,            0.010452,             0.55197,             0.61019,             0.60276,             0.26464,            0.048652,            0.010609,           0.0096655,            0.007723,            0.007723,            0.007723
                  71,            0.042269,            0.018627,           0.0096178,             0.52375,             0.54815,             0.52909,             0.22179,            0.046339,            0.010405,            0.011481,             0.00769,             0.00769,             0.00769
                  72,            0.042162,            0.019096,            0.014069,             0.47263,             0.30295,             0.35617,             0.14139,            0.053069,            0.011923,            0.015043,            0.007657,            0.007657,            0.007657
                  73,            0.042434,             0.01934,            0.010713,             0.55718,             0.26526,             0.32077,             0.10419,            0.053641,            0.012086,            0.016481,            0.007624,            0.007624,            0.007624
                  74,            0.040392,            0.018991,            0.013109,             0.57937,             0.30926,             0.32322,             0.13446,             0.05234,            0.012167,            0.019188,            0.007591,            0.007591,            0.007591
                  75,            0.040538,            0.020433,            0.011335,             0.41628,             0.39676,             0.36934,             0.14609,            0.050263,            0.012034,            0.013282,            0.007558,            0.007558,            0.007558
                  76,            0.041604,            0.018842,            0.012309,             0.58115,              0.3895,             0.45088,             0.17555,            0.051488,            0.011651,            0.014631,            0.007525,            0.007525,            0.007525
                  77,            0.040634,            0.019196,            0.010428,             0.50158,             0.48892,             0.43583,             0.20189,            0.051192,            0.010675,            0.015232,            0.007492,            0.007492,            0.007492
                  78,            0.040067,            0.018838,           0.0094276,             0.57895,              0.4288,             0.42048,             0.16998,             0.05862,            0.011028,            0.018749,            0.007459,            0.007459,            0.007459
                  79,            0.037226,            0.017955,            0.011236,             0.47244,             0.51341,             0.48123,             0.18841,            0.053123,            0.011126,            0.017005,            0.007426,            0.007426,            0.007426
                  80,            0.041246,            0.016832,           0.0089452,             0.66011,             0.42184,             0.49568,               0.221,            0.056182,            0.011627,             0.01613,            0.007393,            0.007393,            0.007393
                  81,            0.038838,            0.020118,            0.011376,             0.52916,             0.41046,             0.41473,             0.16473,            0.057355,             0.01107,            0.015067,             0.00736,             0.00736,             0.00736
                  82,            0.038869,            0.017921,            0.010719,             0.56844,             0.44283,             0.48325,             0.22225,            0.055786,            0.010779,            0.013512,            0.007327,            0.007327,            0.007327
                  83,            0.039438,            0.019116,            0.010256,             0.57302,              0.5306,             0.49016,             0.20152,            0.049064,            0.011825,             0.01321,            0.007294,            0.007294,            0.007294
                  84,             0.04033,            0.017794,            0.010239,             0.69591,             0.39748,             0.51716,              0.2185,            0.049779,            0.012537,            0.016651,            0.007261,            0.007261,            0.007261
                  85,            0.039806,            0.018859,           0.0098655,             0.75967,             0.54398,             0.58299,             0.25287,            0.048531,            0.012044,            0.011834,            0.007228,            0.007228,            0.007228
                  86,            0.038437,            0.017719,           0.0093111,             0.51338,             0.55647,             0.51265,             0.22644,             0.05033,            0.011675,            0.011086,            0.007195,            0.007195,            0.007195
                  87,            0.038749,            0.018453,           0.0099679,             0.62988,             0.42993,              0.5055,             0.20673,            0.051869,             0.01198,            0.012377,            0.007162,            0.007162,            0.007162
                  88,            0.040544,            0.017708,           0.0093088,             0.67607,             0.41697,              0.5061,              0.2151,            0.051804,            0.012366,            0.013053,            0.007129,            0.007129,            0.007129
                  89,            0.039493,             0.02069,           0.0083687,             0.60353,             0.47358,             0.48342,             0.20409,            0.053947,             0.01217,            0.015477,            0.007096,            0.007096,            0.007096
                  90,            0.038439,             0.01747,           0.0085292,             0.56045,             0.43851,             0.50233,             0.22574,            0.058415,            0.011461,            0.013718,            0.007063,            0.007063,            0.007063
                  91,            0.039931,            0.017638,           0.0097664,             0.60765,             0.43637,             0.50618,             0.22299,            0.050625,            0.011783,            0.013223,             0.00703,             0.00703,             0.00703
                  92,            0.038934,            0.018866,           0.0099972,              0.6297,             0.49519,             0.49917,             0.21776,            0.049424,            0.011637,            0.013046,            0.006997,            0.006997,            0.006997
                  93,            0.037018,             0.01738,            0.009262,             0.59526,             0.54933,             0.54015,             0.26172,             0.05296,            0.011231,            0.013084,            0.006964,            0.006964,            0.006964
                  94,            0.037898,            0.018117,            0.011697,             0.62536,             0.44697,             0.50011,              0.2207,            0.054088,            0.011627,            0.011936,            0.006931,            0.006931,            0.006931
                  95,            0.038864,            0.018068,           0.0094654,              0.7578,             0.51667,             0.53679,             0.27564,            0.050195,            0.012053,           0.0092843,            0.006898,            0.006898,            0.006898
                  96,            0.037748,            0.017867,             0.00899,             0.76946,             0.42519,              0.5079,             0.23821,            0.047188,            0.012756,            0.013918,            0.006865,            0.006865,            0.006865
                  97,            0.037137,            0.017835,           0.0084341,             0.60674,             0.53753,              0.5016,             0.21334,            0.047723,            0.012058,            0.010906,            0.006832,            0.006832,            0.006832
                  98,            0.037483,            0.016855,           0.0092208,             0.73741,             0.52042,             0.54692,             0.24787,             0.04889,            0.011505,           0.0088161,            0.006799,            0.006799,            0.006799
                  99,            0.038266,            0.017742,           0.0073606,             0.57758,             0.49915,             0.50066,             0.17313,            0.049207,            0.013762,            0.014814,            0.006766,            0.006766,            0.006766
                 100,            0.040299,            0.018291,           0.0074041,             0.74109,             0.61255,             0.61465,             0.24874,            0.044574,            0.011583,           0.0089633,            0.006733,            0.006733,            0.006733
                 101,            0.037696,            0.017946,           0.0078204,             0.73769,             0.53739,             0.52538,             0.22129,              0.0496,            0.011239,            0.011519,              0.0067,              0.0067,              0.0067
                 102,            0.035417,            0.016596,           0.0059802,             0.70426,             0.56713,             0.53912,             0.23001,            0.050381,            0.011205,            0.010111,            0.006667,            0.006667,            0.006667
                 103,            0.037369,            0.016754,           0.0086363,             0.66512,             0.59351,                0.58,             0.25179,            0.051442,            0.011108,           0.0088996,            0.006634,            0.006634,            0.006634
                 104,            0.036167,            0.017943,           0.0071561,              0.7667,             0.53528,             0.56225,             0.25988,            0.052624,            0.010995,           0.0089472,            0.006601,            0.006601,            0.006601
                 105,            0.036848,            0.017093,           0.0084784,             0.53149,             0.46388,             0.46609,             0.20935,            0.061259,            0.010738,            0.010119,            0.006568,            0.006568,            0.006568
                 106,            0.035555,            0.016535,            0.007936,             0.53504,             0.35232,             0.38068,             0.14961,            0.049886,             0.01098,            0.010828,            0.006535,            0.006535,            0.006535
                 107,            0.036989,            0.016983,           0.0075339,             0.64896,             0.46336,             0.49844,             0.23407,            0.054222,            0.011119,            0.011455,            0.006502,            0.006502,            0.006502
                 108,            0.036794,            0.016571,           0.0090395,              0.6287,             0.43534,             0.48422,             0.19744,            0.047232,            0.011572,            0.014015,            0.006469,            0.006469,            0.006469
                 109,            0.036188,            0.016663,           0.0064108,             0.73627,             0.36573,             0.38062,             0.11602,            0.052218,            0.011718,            0.013373,            0.006436,            0.006436,            0.006436
                 110,            0.035457,            0.017098,           0.0070711,             0.47744,             0.36333,             0.42773,             0.19004,            0.056774,            0.010934,            0.011583,            0.006403,            0.006403,            0.006403
                 111,            0.036164,             0.01683,           0.0061989,              0.5971,             0.53524,             0.51896,             0.21275,            0.047892,            0.011823,           0.0098659,             0.00637,             0.00637,             0.00637
                 112,            0.035653,            0.016969,           0.0083022,             0.61782,             0.47282,               0.503,             0.19271,            0.050612,            0.012195,           0.0091304,            0.006337,            0.006337,            0.006337
                 113,            0.036563,            0.017034,           0.0068271,             0.63451,             0.46671,             0.51072,             0.20481,            0.051422,            0.012184,           0.0095501,            0.006304,            0.006304,            0.006304
                 114,            0.035993,            0.015401,           0.0061975,             0.64193,             0.54049,             0.55456,             0.22448,            0.053014,            0.011679,            0.012814,            0.006271,            0.006271,            0.006271
                 115,            0.035763,            0.016839,           0.0052123,              0.7483,             0.49809,             0.57474,             0.24699,            0.051057,             0.01132,            0.014678,            0.006238,            0.006238,            0.006238
                 116,            0.035824,            0.016745,           0.0062737,             0.61698,             0.50925,             0.49222,             0.23482,            0.047355,            0.011513,            0.016867,            0.006205,            0.006205,            0.006205
                 117,            0.036765,             0.01647,           0.0082469,             0.73279,             0.39287,             0.52857,             0.22925,            0.049672,            0.011422,            0.014523,            0.006172,            0.006172,            0.006172
                 118,            0.034837,            0.016786,           0.0069111,             0.56301,             0.49057,             0.51955,             0.25556,            0.047873,             0.01191,            0.011655,            0.006139,            0.006139,            0.006139
                 119,            0.031876,            0.016556,           0.0055008,             0.74583,               0.375,             0.44365,             0.19222,            0.050305,            0.012538,            0.012304,            0.006106,            0.006106,            0.006106
                 120,             0.03365,              0.0165,           0.0068796,             0.51061,             0.45035,             0.49117,             0.21797,            0.047855,            0.012192,            0.014705,            0.006073,            0.006073,            0.006073
                 121,            0.034188,            0.016075,           0.0063909,             0.71097,             0.53426,             0.56953,             0.26673,            0.047474,            0.011609,            0.014675,             0.00604,             0.00604,             0.00604
                 122,            0.035715,            0.016024,           0.0071248,             0.60686,             0.55324,             0.54806,             0.24544,            0.044653,            0.011623,            0.011552,            0.006007,            0.006007,            0.006007
                 123,            0.034452,            0.016078,           0.0055121,             0.61099,             0.54311,             0.56925,             0.24914,            0.048146,            0.011948,            0.011176,            0.005974,            0.005974,            0.005974
                 124,            0.036573,            0.017151,           0.0075449,             0.77849,             0.58353,             0.58596,             0.25246,            0.048517,            0.012413,           0.0095657,            0.005941,            0.005941,            0.005941
                 125,            0.034615,            0.016503,           0.0064436,             0.72533,             0.50887,             0.56583,             0.27509,            0.053679,             0.01195,            0.010805,            0.005908,            0.005908,            0.005908
                 126,            0.033927,            0.016273,           0.0060978,             0.75866,             0.45118,             0.54738,             0.25196,            0.054128,              0.0119,            0.011408,            0.005875,            0.005875,            0.005875
                 127,            0.034923,             0.01636,           0.0081862,             0.71577,              0.5202,             0.56731,             0.23436,            0.050452,            0.011848,            0.010146,            0.005842,            0.005842,            0.005842
                 128,            0.033592,            0.016028,           0.0080184,             0.69107,              0.5522,               0.597,             0.24148,            0.048613,            0.012624,            0.010075,            0.005809,            0.005809,            0.005809
                 129,            0.032992,            0.016697,           0.0058787,             0.65642,             0.46944,             0.52221,             0.21637,            0.051036,            0.012915,           0.0097957,            0.005776,            0.005776,            0.005776
                 130,            0.034704,            0.017281,           0.0058943,             0.51906,             0.52269,             0.50155,             0.19756,            0.052151,            0.012315,           0.0099611,            0.005743,            0.005743,            0.005743
                 131,            0.032844,            0.016574,           0.0063027,              0.6892,             0.53542,             0.56184,             0.24373,            0.053404,            0.011647,            0.010055,             0.00571,             0.00571,             0.00571
                 132,            0.032216,            0.015849,           0.0071928,             0.61901,             0.53736,             0.56341,             0.22935,            0.052783,            0.011884,           0.0094838,            0.005677,            0.005677,            0.005677
                 133,            0.033577,             0.01571,            0.007738,             0.71062,             0.47941,              0.5703,             0.22118,             0.05323,            0.011936,            0.010077,            0.005644,            0.005644,            0.005644
                 134,            0.032564,            0.015411,           0.0084432,             0.67775,             0.38693,             0.39867,             0.17171,            0.055299,            0.012037,             0.01357,            0.005611,            0.005611,            0.005611
                 135,             0.03396,            0.016014,           0.0076207,             0.52519,             0.51885,             0.50909,             0.19537,            0.053456,            0.011467,            0.013902,            0.005578,            0.005578,            0.005578
                 136,            0.033721,            0.016091,           0.0072075,             0.61492,             0.57083,             0.53822,             0.24409,            0.050176,            0.011677,            0.015857,            0.005545,            0.005545,            0.005545
                 137,            0.032224,            0.015015,           0.0051742,             0.67275,             0.52957,             0.56534,             0.28484,            0.049865,            0.012338,            0.013551,            0.005512,            0.005512,            0.005512
                 138,            0.031781,            0.015262,           0.0055832,             0.68577,             0.60903,             0.61027,             0.24863,            0.048371,            0.012029,           0.0087476,            0.005479,            0.005479,            0.005479
                 139,            0.031393,            0.015613,           0.0051015,             0.70678,             0.61941,             0.63333,             0.28153,            0.047428,            0.011333,           0.0077557,            0.005446,            0.005446,            0.005446
                 140,            0.031646,            0.014879,           0.0050377,             0.62613,             0.52407,             0.54035,              0.2277,            0.051867,            0.011391,            0.011081,            0.005413,            0.005413,            0.005413
                 141,            0.033835,            0.014823,           0.0077904,             0.62261,              0.6004,             0.60011,             0.25107,            0.052524,            0.012071,            0.012666,             0.00538,             0.00538,             0.00538
                 142,            0.034061,            0.016627,           0.0060854,             0.62214,             0.54019,             0.51549,             0.19459,            0.049788,            0.012189,            0.012503,            0.005347,            0.005347,            0.005347
                 143,            0.033054,            0.014735,           0.0046315,             0.78532,             0.52447,             0.57246,             0.24235,            0.049764,            0.011732,            0.011588,            0.005314,            0.005314,            0.005314
                 144,            0.032662,            0.015023,           0.0062128,             0.73586,             0.54339,             0.58662,              0.2381,            0.048482,             0.01221,           0.0098486,            0.005281,            0.005281,            0.005281
                 145,            0.034369,            0.015644,           0.0062519,             0.76648,             0.52692,             0.59149,             0.22576,            0.049231,            0.012359,           0.0098648,            0.005248,            0.005248,            0.005248
                 146,            0.033547,            0.014886,           0.0059343,             0.75315,             0.45675,             0.57033,             0.22353,            0.051643,            0.012518,           0.0095188,            0.005215,            0.005215,            0.005215
                 147,            0.033242,            0.015843,           0.0063394,             0.68936,             0.56363,             0.58583,             0.23941,            0.051033,            0.012868,           0.0081935,            0.005182,            0.005182,            0.005182
                 148,            0.033836,            0.013909,           0.0067713,             0.68735,              0.5213,             0.55073,             0.24582,            0.047451,            0.013024,            0.010713,            0.005149,            0.005149,            0.005149
                 149,            0.032819,            0.015325,           0.0056477,             0.72802,             0.46343,             0.54034,             0.21129,            0.048789,            0.012528,            0.011742,            0.005116,            0.005116,            0.005116
                 150,            0.030566,            0.014076,           0.0054407,             0.61501,             0.52069,              0.5376,             0.20025,            0.050532,            0.013095,            0.010243,            0.005083,            0.005083,            0.005083
                 151,            0.032109,            0.015853,           0.0059103,             0.60001,             0.52672,             0.54688,             0.20917,            0.049681,            0.013264,           0.0091937,             0.00505,             0.00505,             0.00505
                 152,            0.032697,            0.016663,           0.0053881,             0.63295,             0.46833,             0.54986,             0.24015,            0.049291,            0.013393,           0.0096115,            0.005017,            0.005017,            0.005017
                 153,            0.030721,            0.013987,           0.0043844,             0.53852,             0.57751,             0.56871,             0.25473,            0.047405,             0.01297,            0.010484,            0.004984,            0.004984,            0.004984
                 154,             0.03165,            0.014837,           0.0060801,             0.61043,             0.60726,             0.58643,             0.22868,            0.049178,            0.012462,            0.010164,            0.004951,            0.004951,            0.004951
                 155,            0.032197,             0.01442,           0.0043146,             0.73697,             0.57459,             0.60761,             0.22851,             0.04863,            0.012335,           0.0099698,            0.004918,            0.004918,            0.004918
                 156,            0.032113,            0.014297,            0.006145,              0.7725,             0.52088,             0.56887,             0.24289,            0.047101,            0.012954,            0.010892,            0.004885,            0.004885,            0.004885
                 157,             0.03117,            0.014777,           0.0053056,             0.82119,             0.48711,             0.58398,             0.26572,            0.048946,            0.012178,           0.0096393,            0.004852,            0.004852,            0.004852
                 158,            0.029893,            0.015101,           0.0047755,             0.69415,             0.60881,             0.60357,             0.23863,            0.047164,            0.012126,           0.0089142,            0.004819,            0.004819,            0.004819
                 159,            0.029541,            0.013955,           0.0040423,             0.66276,             0.58243,             0.57784,             0.25852,            0.048571,            0.012379,           0.0097192,            0.004786,            0.004786,            0.004786
                 160,            0.030493,            0.014683,           0.0037194,             0.63646,             0.54232,             0.54408,             0.25989,            0.047158,            0.013139,            0.011237,            0.004753,            0.004753,            0.004753
                 161,            0.031532,            0.013963,           0.0046777,             0.71756,             0.51902,             0.55556,             0.24493,            0.044951,            0.011817,            0.010723,             0.00472,             0.00472,             0.00472
                 162,            0.030626,            0.014823,           0.0039812,             0.72185,             0.54943,             0.54509,             0.25031,            0.048289,            0.012256,            0.010214,            0.004687,            0.004687,            0.004687
                 163,            0.030701,            0.014044,           0.0039472,             0.55503,              0.5172,             0.46094,             0.21862,            0.049013,             0.01285,           0.0095561,            0.004654,            0.004654,            0.004654
                 164,            0.030496,            0.014593,           0.0036107,             0.58581,             0.50959,             0.50897,             0.22956,            0.049405,            0.012553,           0.0093337,            0.004621,            0.004621,            0.004621
                 165,            0.029494,               0.014,           0.0052296,             0.63283,             0.59148,             0.57535,             0.25509,            0.046837,            0.011965,           0.0085121,            0.004588,            0.004588,            0.004588
                 166,            0.028061,            0.014634,           0.0052683,             0.63127,             0.55833,              0.5414,             0.26949,            0.047284,            0.012214,           0.0082537,            0.004555,            0.004555,            0.004555
                 167,             0.03057,            0.014019,           0.0048291,             0.67332,             0.57318,             0.58432,             0.26794,            0.045366,            0.012048,            0.012427,            0.004522,            0.004522,            0.004522
                 168,            0.029119,            0.013393,            0.004311,             0.68111,              0.5526,             0.58874,               0.292,            0.043002,            0.012406,            0.014395,            0.004489,            0.004489,            0.004489
                 169,            0.030503,            0.014465,           0.0046976,              0.8138,             0.50908,              0.5789,             0.28818,            0.042174,             0.01211,             0.01329,            0.004456,            0.004456,            0.004456
                 170,            0.030445,            0.014603,           0.0067273,             0.69321,             0.54827,             0.56931,             0.28255,            0.045959,            0.011484,            0.017061,            0.004423,            0.004423,            0.004423
                 171,            0.030705,            0.014247,           0.0035989,             0.75577,             0.53054,              0.5684,             0.26379,            0.045368,            0.012311,            0.015011,             0.00439,             0.00439,             0.00439
                 172,             0.02829,             0.01361,           0.0043809,             0.75047,             0.50588,             0.56647,             0.25855,            0.046153,            0.012592,            0.014615,            0.004357,            0.004357,            0.004357
                 173,             0.03041,            0.014589,           0.0040934,             0.69344,             0.57212,             0.59551,             0.25451,            0.047136,            0.012924,            0.014457,            0.004324,            0.004324,            0.004324
                 174,            0.029596,            0.014369,           0.0038839,             0.65416,             0.56185,             0.54331,             0.21684,            0.047125,            0.013162,            0.012443,            0.004291,            0.004291,            0.004291
                 175,            0.029198,            0.014576,           0.0060654,             0.67903,             0.51233,             0.53019,              0.2122,             0.04788,             0.01381,            0.012274,            0.004258,            0.004258,            0.004258
                 176,            0.029926,            0.014754,           0.0067027,             0.71998,             0.48499,             0.52057,             0.21689,            0.048231,            0.012863,            0.011131,            0.004225,            0.004225,            0.004225
                 177,            0.027255,             0.01435,           0.0039843,             0.57302,             0.55013,             0.56168,             0.22425,            0.044678,            0.013099,            0.011267,            0.004192,            0.004192,            0.004192
                 178,            0.030419,            0.013739,           0.0035281,             0.63616,             0.49444,             0.55591,             0.23796,            0.045811,            0.013242,           0.0085686,            0.004159,            0.004159,            0.004159
                 179,            0.030174,            0.014421,           0.0044375,             0.66321,             0.58561,             0.56588,             0.24083,            0.047513,            0.012726,           0.0098682,            0.004126,            0.004126,            0.004126
                 180,            0.028899,            0.014043,           0.0054331,             0.83355,             0.55554,             0.59116,             0.27613,             0.04892,            0.012855,            0.010862,            0.004093,            0.004093,            0.004093
                 181,             0.03025,            0.014498,           0.0039237,             0.71452,                0.57,             0.57522,             0.25426,            0.046652,            0.012929,            0.011552,             0.00406,             0.00406,             0.00406
                 182,            0.028052,            0.014513,            0.003937,             0.60918,             0.48696,              0.4817,             0.22644,            0.047186,            0.013085,            0.013248,            0.004027,            0.004027,            0.004027
                 183,            0.028335,            0.013906,           0.0050364,             0.65212,              0.5012,              0.5422,             0.26009,            0.045774,            0.013436,            0.010446,            0.003994,            0.003994,            0.003994
                 184,            0.028341,            0.013726,           0.0043292,             0.59361,              0.4724,             0.51089,             0.23782,            0.047287,            0.013234,             0.01037,            0.003961,            0.003961,            0.003961
                 185,            0.027797,            0.014145,           0.0050281,             0.77204,             0.45904,             0.53143,             0.25019,             0.04703,            0.013611,            0.011898,            0.003928,            0.003928,            0.003928
                 186,            0.030924,            0.014415,           0.0050687,             0.68006,             0.49588,             0.55595,             0.24818,            0.047142,            0.013816,            0.012246,            0.003895,            0.003895,            0.003895
                 187,            0.028957,            0.014567,            0.004137,             0.60344,             0.49463,             0.53087,             0.21916,            0.047048,            0.013998,            0.011094,            0.003862,            0.003862,            0.003862
                 188,            0.029111,            0.013226,           0.0043514,             0.57038,             0.46121,             0.50952,             0.23689,            0.049417,            0.013942,             0.01021,            0.003829,            0.003829,            0.003829
                 189,            0.027504,               0.015,           0.0039586,             0.77262,             0.46004,             0.49905,             0.21335,            0.049405,            0.013758,            0.012771,            0.003796,            0.003796,            0.003796
                 190,            0.030097,            0.014014,            0.005943,             0.70271,             0.48397,             0.54435,             0.25734,            0.051102,            0.013591,            0.010781,            0.003763,            0.003763,            0.003763
                 191,             0.02837,             0.01347,           0.0046182,              0.8061,             0.50038,             0.55312,             0.24071,            0.048981,            0.013425,            0.011453,             0.00373,             0.00373,             0.00373
                 192,            0.028666,            0.013133,           0.0037075,             0.74158,             0.50643,             0.53119,              0.2408,             0.05038,            0.012899,            0.010716,            0.003697,            0.003697,            0.003697
                 193,            0.028918,            0.013849,           0.0052532,             0.68256,             0.49588,             0.56715,             0.22935,            0.051653,            0.013132,            0.012701,            0.003664,            0.003664,            0.003664
                 194,            0.028194,            0.012839,           0.0037193,             0.69974,             0.43624,             0.52782,              0.2168,            0.053226,            0.013389,            0.012603,            0.003631,            0.003631,            0.003631
                 195,            0.027926,            0.013524,           0.0035836,             0.79484,             0.46496,              0.5717,             0.25801,             0.05202,            0.013458,            0.010878,            0.003598,            0.003598,            0.003598
                 196,            0.026141,            0.013285,           0.0029361,             0.67766,             0.51878,             0.57496,             0.26892,            0.051477,            0.013468,           0.0089811,            0.003565,            0.003565,            0.003565
                 197,            0.027152,            0.012548,           0.0026168,             0.67715,             0.55063,             0.58853,             0.28064,            0.051014,            0.013656,           0.0086346,            0.003532,            0.003532,            0.003532
                 198,            0.027471,            0.013336,           0.0033229,             0.66296,             0.54954,             0.59359,             0.27111,            0.050896,            0.013194,           0.0084004,            0.003499,            0.003499,            0.003499
                 199,            0.027862,            0.013386,           0.0033151,             0.77585,             0.44973,             0.55171,              0.2437,            0.052523,            0.013121,            0.010359,            0.003466,            0.003466,            0.003466
                 200,            0.026826,            0.013835,           0.0039887,             0.80457,             0.47643,              0.5858,             0.26131,            0.052429,            0.012943,            0.010969,            0.003433,            0.003433,            0.003433
                 201,            0.028791,            0.013733,           0.0044659,             0.77959,             0.47649,             0.59876,             0.26392,            0.051975,            0.013034,           0.0098749,              0.0034,              0.0034,              0.0034
                 202,            0.027195,            0.012281,           0.0024886,             0.70429,             0.50178,             0.57166,             0.23581,            0.053157,             0.01288,            0.010571,            0.003367,            0.003367,            0.003367
                 203,            0.027564,            0.011996,           0.0031572,              0.7179,             0.52171,             0.58944,             0.22487,             0.05188,            0.013177,             0.01301,            0.003334,            0.003334,            0.003334
                 204,            0.025549,            0.013411,           0.0032698,             0.73863,             0.51292,             0.56426,             0.23361,            0.050197,            0.013503,            0.013712,            0.003301,            0.003301,            0.003301
                 205,            0.026094,            0.012532,           0.0028301,             0.59074,             0.51924,             0.52036,             0.25132,            0.051964,            0.013914,            0.014998,            0.003268,            0.003268,            0.003268
                 206,            0.028136,            0.013695,           0.0037525,             0.56082,             0.44648,              0.4689,             0.23391,             0.05266,             0.01435,               0.013,            0.003235,            0.003235,            0.003235
                 207,            0.023284,            0.012875,           0.0025745,             0.67942,             0.45569,             0.51944,             0.25857,            0.053967,            0.013788,            0.010697,            0.003202,            0.003202,            0.003202
                 208,            0.027806,            0.012987,           0.0033301,             0.66195,             0.51519,             0.53026,             0.24912,            0.053252,             0.01326,             0.01087,            0.003169,            0.003169,            0.003169
                 209,            0.027977,             0.01331,           0.0032548,             0.61591,             0.52021,             0.51779,             0.25125,            0.051771,            0.012856,            0.011439,            0.003136,            0.003136,            0.003136
                 210,            0.025798,            0.012389,           0.0028457,             0.65743,              0.5433,             0.53123,             0.26072,            0.050221,             0.01281,            0.012107,            0.003103,            0.003103,            0.003103
                 211,            0.027355,            0.012964,           0.0036509,             0.65305,             0.47553,             0.54489,             0.26557,            0.050077,            0.012475,            0.010575,             0.00307,             0.00307,             0.00307
                 212,            0.026946,            0.012987,           0.0037407,             0.56426,             0.59407,             0.54297,             0.26314,             0.04842,            0.012991,           0.0099603,            0.003037,            0.003037,            0.003037
                 213,            0.027525,            0.013604,           0.0044201,             0.63444,                 0.6,             0.59249,             0.27349,            0.048616,            0.013459,            0.010424,            0.003004,            0.003004,            0.003004
                 214,            0.026629,            0.013041,             0.00529,             0.61286,              0.5506,             0.57549,             0.24822,            0.048185,            0.013911,             0.01214,            0.002971,            0.002971,            0.002971
                 215,            0.025901,            0.012817,           0.0033968,             0.53973,             0.58157,             0.53302,             0.25647,            0.048216,            0.013937,            0.012767,            0.002938,            0.002938,            0.002938
                 216,            0.027466,            0.012789,           0.0032474,             0.79569,             0.56729,              0.6059,             0.27156,            0.046838,            0.013761,            0.013468,            0.002905,            0.002905,            0.002905
                 217,              0.0254,            0.013832,           0.0027737,             0.76231,             0.54813,             0.59465,             0.26533,            0.046906,            0.013994,            0.013002,            0.002872,            0.002872,            0.002872
                 218,            0.025481,            0.011729,            0.003297,             0.65306,             0.57917,             0.56764,             0.24429,            0.046665,            0.014391,            0.012592,            0.002839,            0.002839,            0.002839
                 219,            0.026026,            0.012213,           0.0041847,             0.70986,             0.53301,             0.57578,             0.24278,            0.048392,            0.014381,            0.010897,            0.002806,            0.002806,            0.002806
                 220,            0.025559,            0.012348,           0.0032073,             0.71796,             0.47112,             0.56677,              0.2537,            0.045409,            0.014726,            0.010822,            0.002773,            0.002773,            0.002773
                 221,            0.024147,            0.012493,           0.0034753,             0.68446,             0.52353,             0.56186,             0.24392,            0.046291,            0.014353,            0.010603,             0.00274,             0.00274,             0.00274
                 222,            0.025771,            0.012418,           0.0031822,             0.57665,             0.54628,             0.54481,             0.24779,             0.04689,             0.01413,            0.010889,            0.002707,            0.002707,            0.002707
                 223,            0.025021,            0.012046,           0.0029499,             0.55479,              0.5472,             0.53758,             0.26369,            0.048458,            0.013994,           0.0099002,            0.002674,            0.002674,            0.002674
                 224,            0.027035,            0.012796,           0.0026799,             0.60191,             0.54906,             0.54776,             0.25744,            0.048421,            0.013634,           0.0095255,            0.002641,            0.002641,            0.002641
                 225,            0.024999,            0.012176,           0.0036815,             0.68468,             0.54881,             0.60164,              0.2728,            0.050106,            0.013424,           0.0089544,            0.002608,            0.002608,            0.002608
                 226,            0.025181,            0.012613,           0.0042757,             0.70494,             0.54356,              0.5863,             0.26524,            0.046898,            0.013594,           0.0080432,            0.002575,            0.002575,            0.002575
                 227,            0.025003,            0.012069,           0.0041333,             0.64715,              0.5527,             0.61184,             0.27525,            0.046734,            0.013841,           0.0081429,            0.002542,            0.002542,            0.002542
                 228,            0.025233,            0.012493,           0.0028744,             0.71065,             0.57351,             0.60325,             0.27941,            0.046059,            0.014234,              0.0105,            0.002509,            0.002509,            0.002509
                 229,            0.025636,            0.012626,           0.0029089,             0.65189,             0.56419,             0.57797,              0.2666,            0.046857,            0.014541,            0.011953,            0.002476,            0.002476,            0.002476
                 230,            0.024021,            0.012412,            0.002978,             0.76789,             0.54858,             0.59019,             0.25904,            0.046624,            0.014104,            0.012584,            0.002443,            0.002443,            0.002443
                 231,            0.028547,            0.012726,           0.0024252,             0.67145,             0.53241,              0.5757,             0.27934,            0.045308,            0.013778,            0.012708,             0.00241,             0.00241,             0.00241
                 232,            0.024168,            0.012457,           0.0026232,              0.7937,             0.52859,             0.59561,             0.28272,            0.045475,            0.013464,            0.013818,            0.002377,            0.002377,            0.002377
                 233,            0.023508,            0.011594,           0.0020316,              0.7459,             0.53472,              0.5667,              0.2681,            0.047858,            0.013577,            0.013547,            0.002344,            0.002344,            0.002344
                 234,            0.024814,            0.011427,           0.0022337,             0.64047,             0.55459,             0.54642,             0.25612,            0.048376,            0.013462,            0.013398,            0.002311,            0.002311,            0.002311
                 235,            0.025125,             0.01206,            0.003961,              0.6236,             0.56149,             0.54931,             0.26513,            0.048803,            0.013834,            0.014202,            0.002278,            0.002278,            0.002278
                 236,             0.02459,            0.012752,            0.003877,              0.7466,              0.5302,              0.5736,             0.26702,             0.04903,            0.014166,            0.013724,            0.002245,            0.002245,            0.002245
                 237,            0.025396,            0.012881,           0.0035057,             0.84818,             0.51549,             0.57793,             0.27243,             0.04783,            0.014364,            0.013851,            0.002212,            0.002212,            0.002212
                 238,            0.023939,            0.012016,           0.0029153,             0.85278,             0.50068,             0.59154,             0.27827,            0.046787,            0.013869,            0.013607,            0.002179,            0.002179,            0.002179
                 239,            0.024345,            0.012237,           0.0042148,             0.79898,             0.50295,               0.599,             0.27877,             0.04651,            0.013873,            0.014999,            0.002146,            0.002146,            0.002146
                 240,            0.023597,            0.011415,           0.0021218,             0.81293,             0.49459,             0.58616,             0.26769,            0.046957,            0.013682,            0.016008,            0.002113,            0.002113,            0.002113
                 241,            0.023931,            0.011712,           0.0024159,             0.78876,             0.50221,              0.5926,             0.27201,              0.0483,            0.013651,            0.016536,             0.00208,             0.00208,             0.00208
                 242,            0.024084,            0.011566,           0.0023029,              0.6557,             0.58056,             0.60427,             0.27096,            0.048808,            0.013286,            0.016384,            0.002047,            0.002047,            0.002047
                 243,            0.025118,            0.012004,           0.0033196,             0.72636,             0.48591,             0.56221,             0.24381,            0.050185,            0.013362,             0.01608,            0.002014,            0.002014,            0.002014
                 244,             0.02336,            0.011148,           0.0016338,             0.69041,             0.56802,             0.60298,             0.27187,            0.050063,            0.013325,            0.015273,            0.001981,            0.001981,            0.001981
                 245,            0.022815,            0.011915,           0.0020802,             0.63003,             0.52017,             0.56776,             0.25717,            0.049038,            0.013681,            0.015196,            0.001948,            0.001948,            0.001948
                 246,            0.023289,            0.012566,           0.0026004,              0.7529,              0.4682,             0.55708,             0.25772,            0.049169,            0.014004,            0.016314,            0.001915,            0.001915,            0.001915
                 247,             0.02387,            0.011978,           0.0040948,             0.72312,              0.4625,             0.55117,             0.27653,            0.049201,            0.014275,            0.016956,            0.001882,            0.001882,            0.001882
                 248,            0.023885,            0.012251,           0.0024023,             0.72561,             0.45303,             0.52774,             0.26239,             0.04909,            0.014822,            0.016078,            0.001849,            0.001849,            0.001849
                 249,            0.021786,            0.011495,           0.0021214,             0.66105,             0.50048,             0.53815,             0.25575,            0.049719,            0.014955,            0.016208,            0.001816,            0.001816,            0.001816
                 250,            0.021766,            0.011735,           0.0021941,             0.70515,             0.48596,             0.54398,             0.26322,            0.050046,             0.01503,            0.016596,            0.001783,            0.001783,            0.001783
                 251,            0.023872,             0.01115,           0.0026946,             0.71135,             0.49951,             0.56297,             0.25315,            0.049452,             0.01487,             0.01629,             0.00175,             0.00175,             0.00175
                 252,            0.024331,            0.011919,           0.0033918,             0.74774,             0.49267,             0.56207,             0.25143,            0.050668,            0.014859,            0.016381,            0.001717,            0.001717,            0.001717
                 253,            0.022955,            0.011838,           0.0024421,             0.64985,             0.57257,             0.55945,             0.24072,            0.050449,            0.014577,            0.017062,            0.001684,            0.001684,            0.001684
                 254,            0.023865,            0.011838,           0.0025136,             0.79963,             0.54762,             0.56719,             0.23543,            0.050013,             0.01428,            0.017692,            0.001651,            0.001651,            0.001651
                 255,            0.022173,            0.012202,           0.0029189,             0.78705,             0.49387,             0.56194,             0.26066,            0.048525,            0.014156,            0.017891,            0.001618,            0.001618,            0.001618
                 256,            0.021186,            0.011243,           0.0088767,             0.73318,             0.54941,             0.57876,             0.27256,            0.047953,            0.013983,            0.016979,            0.001585,            0.001585,            0.001585
                 257,            0.022569,            0.011859,           0.0035524,             0.70887,             0.53238,             0.57948,              0.2656,            0.048765,            0.014113,            0.015908,            0.001552,            0.001552,            0.001552
                 258,            0.022203,            0.011396,           0.0022007,             0.74358,              0.5342,             0.58847,              0.2563,             0.04903,            0.013953,            0.015015,            0.001519,            0.001519,            0.001519
                 259,            0.022574,            0.011103,           0.0017673,             0.68324,             0.53657,             0.58327,             0.27843,            0.049887,            0.014055,            0.015616,            0.001486,            0.001486,            0.001486
                 260,            0.023079,            0.010773,           0.0020942,             0.59679,             0.54992,             0.55346,             0.25399,            0.049771,            0.014263,            0.015842,            0.001453,            0.001453,            0.001453
                 261,            0.023588,            0.011995,           0.0025783,             0.62806,             0.55335,             0.55816,              0.2519,            0.048895,            0.014398,            0.015683,             0.00142,             0.00142,             0.00142
                 262,            0.023464,            0.011243,           0.0028074,             0.71882,             0.45425,              0.5495,              0.2584,            0.048526,             0.01457,            0.015959,            0.001387,            0.001387,            0.001387
                 263,            0.023253,            0.011685,           0.0024783,             0.69683,             0.48971,             0.56289,             0.26375,            0.048938,            0.014665,            0.016869,            0.001354,            0.001354,            0.001354
                 264,            0.021168,            0.011045,           0.0017526,             0.71061,              0.5147,             0.55991,             0.27002,            0.049262,            0.014859,            0.017301,            0.001321,            0.001321,            0.001321
                 265,            0.024073,            0.011142,           0.0021104,              0.6502,             0.55111,             0.58193,             0.27104,            0.049603,            0.014954,            0.017296,            0.001288,            0.001288,            0.001288
                 266,            0.020629,            0.010814,           0.0022981,              0.6453,             0.55555,              0.5731,             0.26861,            0.049321,             0.01488,            0.017492,            0.001255,            0.001255,            0.001255
                 267,            0.022575,            0.010498,           0.0014367,             0.65574,             0.54944,             0.57619,             0.26804,            0.049579,             0.01479,             0.01765,            0.001222,            0.001222,            0.001222
                 268,            0.023372,            0.011323,           0.0026933,             0.72491,             0.43406,              0.5508,             0.26598,            0.050323,            0.014747,            0.017267,            0.001189,            0.001189,            0.001189
